#,Nombre de presa,Nombre común,Organismo de cuenca,Entidad federativa,NAME Elevación (msnm),NAME Almacenamiento (hm³),NAMO Elevación (msnm),NAMO Almacenamiento (hm³),Elevación Actual (msnm),Almacenamiento Actual (hm³),% de llenado actual
210,"Manuel Moreno Torres, Chis.","Chicoasén, Chis.","Frontera Sur","Chiapas","395.000","1318.600","392.500","205.980","390.760","171.158",83
209,"La Codorniz, Ags.","La Codorniz, Ags.","Lerma Santiago PacÃ­fico","Aguascalientes","1837.760","6.528","1836.000","5.366","1822.480","0.443",8
208,"Miguel de la Madrid Hurtado, Oax.","Cerro de Oro, Oax.","Golfo Centro","Oaxaca","70.010","3547.160","64.860","2599.510","56.470","1395.490",54
207,"Cuchillo Solidaridad, N.L.","El Cuchillo, N.L.","RÃ­o Bravo","Nuevo LeÃ³n","166.660","1784.292","162.350","1123.143","154.580","393.523",35
206,"Caboraca, Dgo.","Canoas, Dgo.","PacÃ­fico Norte","Durango","2001.280","57.880","1998.250","45.000","1991.890","22.861",51
205,"Ramón López Velarde, Zac.","Boca del Tesorero, Zac.","Lerma Santiago PacÃ­fico","Zacatecas","2098.160","36.744","2096.000","26.220","2089.750","7.303",28
204,"Manuel Avila Camacho, Pue.","Valsequillo o Balcón del Diablo, Pue.","Balsas","Puebla","2062.000","391.489","2059.020","300.654","2050.300","118.453",39
203,"Basilio Vadillo, Jal.","Las Piedras, Jal.","Lerma Santiago PacÃ­fico","Jalisco","978.970","146.888","974.350","124.750","960.960","72.013",58
202,"El Batán, Qro.","Los Arcos","Lerma Santiago PacÃ­fico","QuerÃ©taro","1905.150","8.042","1902.100","5.791","1886.900","0.432",7
201,"Las Auras, B.C.","","PenÃ­nsula de Baja California","Baja California","822.000","5.100","820.000","5.010","815.131","3.005",60
200,"Abelardo Rodríguez Luján, Son.","Hermosillo, Son.","Noroeste","Sonora","228.400","284.470","226.980","219.520","214.000","0.000",0
199,"Adolfo Ruiz Cortines, Son.","MocÃºzari, Son.","Noroeste","Sonora","145.470","1822.141","138.460","1200.000","97.710","10.262",1
198,"Ing. Benjamín Ortega Cantero, Dgo.","Agua Puerca, Dgo.","Cuencas Centrales del Norte","Durango","1434.100","56.060","1430.200","30.764","1426.090","13.348",43
197,"Alvaro Obregón, Son.","Oviachic, Son.","Noroeste","Sonora","112.200","4478.215","105.500","3023.140","81.590","410.236",14
196,"Cincuenta Aniversario, Ags.","San José de Gracia","Lerma Santiago PacÃ­fico","Aguascalientes","2088.570","5.039","2086.000","4.100","2077.900","2.198",54
195,"Doctor Belisario Domínguez, Chis.","La Angostura, Chis.","Frontera Sur","Chiapas","539.500","19736.400","533.000","13169.630","517.130","5205.300",40
194,"Aristeo Mercado, Mich.","Wilson ,Mich.","Lerma Santiago PacÃ­fico","MichoacÃ¡n de Ocampo","1993.800","28.305","1993.500","25.344","1989.800","2.318",9
193,"Abelardo L. Rodríguez, B.C.","Tijuana, B.C.","PenÃ­nsula de Baja California","Baja California","125.000","121.392","115.850","76.900","107.400","43.220",56
192,"Adolfo López Mateos, Sin.","El Humaya o El Varejonal, Sin.","PacÃ­fico Norte","Sinaloa","183.480","4034.520","176.000","3086.610","132.090","216.072",7
191,"Abraham González, Chih.","Guadalupe, Chih.","Noroeste","Chihuahua","2051.300","102.891","2047.800","79.354","2034.310","17.184",22
190,"Agostitlán, Mich.","Mata de Pinos, Mich.","Balsas","MichoacÃ¡n de Ocampo","2377.840","18.754","2376.600","15.675","2373.310","8.943",57
189,"Aguamilpa Solidaridad, Nay.","Aguamilpa, Nay.","Lerma Santiago PacÃ­fico","Nayarit","232.000","6950.000","222.000","5785.160","195.740","3388.330",59
188,"Agua Caliente, Son.","Dique 10","Noroeste","Sonora","79.600","41.160","79.100","37.580","75.650","17.395",46
187,"Andrés Figueroa, Gro.","Las Garzas, Gro.","Balsas","Guerrero","382.610","133.029","377.000","102.500","360.820","44.170",43
186,"Achimec, Jal.","Vaqueros, Jal.","Lerma Santiago PacÃ­fico","Jalisco","1844.270","12.212","1841.500","7.364","1834.650","0.894",12
185,"Zicuirán, Mich.","La Peña, Mich.","Balsas","MichoacÃ¡n de Ocampo","301.440","47.485","299.000","36.294","293.340","17.041",47
184,"Yosocuta, Oax.","San Marcos Arteaga","Balsas","Oaxaca","1512.550","57.260","1509.700","47.226","1501.130","25.486",54
183,"Villa Victoria, Méx.","Villa Victoria,Méx.","Balsas","Estado de MÃ©xico","2607.500","249.943","2605.500","185.723","2599.520","47.992",26
182,"Valerio Trujano, Gro.","Tepecoacuilco, Gro.","Balsas","Guerrero","842.780","51.727","840.000","31.014","832.670","5.162",17
181,"La Venta, Qro.","La Venta, Qro.","Golfo Norte","QuerÃ©taro","1907.680","3.777","1906.680","2.479","1904.000","0.000",0
180,"José María Morelos, Zac.","La Villita, Zac.","Lerma Santiago PacÃ­fico","Zacatecas","1831.190","11.165","1829.000","9.018","1821.360","3.920",43
179,"José María Morelos y Pavón, Mich.","La Villita, Mich.","Balsas","MichoacÃ¡n de Ocampo","56.730","686.940","51.200","545.930","50.810","535.980",98
178,"Villa Hidalgo, Dgo.","Villa Hidalgo, Dgo.","Cuencas Centrales del Norte","Durango","1729.550","39.555","1726.230","23.080","1721.660","8.852",38
177,"Vicente Guerrero, Tamps.","Las Adjuntas, Tamps.","Golfo Norte","Tamaulipas","144.040","5498.230","140.440","3910.690","125.270","331.760",8
176,"Vicente Guerrero, Gro.","Palos Altos, Gro.","Balsas","Guerrero","430.300","300.000","425.000","249.490","409.880","104.800",42
175,"Ing. Santiago Camarena, Jal.","La Vega, Jal.","Lerma Santiago PacÃ­fico","Jalisco","1258.860","80.000","1257.000","44.035","1255.880","25.710",58
174,"Vicente C. Villaseñor, Jal.","Valle de Juárez, Jal.","Lerma Santiago PacÃ­fico","Jalisco","1878.000","18.120","1877.000","14.440","1875.840","10.316",71
173,"Venustiano Carranza, Coah.","Don Martín, Coah.","RÃ­o Bravo","Coahuila de Zaragoza","261.800","1322.372","259.240","874.100","251.881","152.029",17
172,"Valle de Bravo, Méx.","Valle de Bravo, Méx.","Balsas","Estado de MÃ©xico","1833.000","449.420","1830.000","394.390","1812.060","108.072",27
171,"Urepetiro, Mich.","Urepetiro, Mich.","Lerma Santiago PacÃ­fico","MichoacÃ¡n de Ocampo","1745.680","10.923","1745.000","8.282","1741.790","2.420",29
170,"Taxhimay, Méx.","Taxhimay, Méx.","Aguas del Valle de MÃ©xico","Estado de MÃ©xico","2216.100","47.386","2214.100","39.914","2209.400","23.642",59
169,"Solidaridad, Jal.","Trojes, Jal.","Lerma Santiago PacÃ­fico","Jalisco","301.110","285.742","292.370","203.388","281.210","125.904",62
168,"San Andrés Tepetitlán, Méx.","Tepetitlán,Méx.","Lerma Santiago PacÃ­fico","Estado de MÃ©xico","2594.460","81.029","2592.020","59.966","2587.670","31.307",52
167,"El Tintero, Chih.","El Tintero, Chih.","RÃ­o Bravo","Chihuahua","1709.030","216.703","1703.000","125.075","1686.790","14.863",12
166,"Tercer Mundo, Mich.","Chincua, Mich.","Lerma Santiago PacÃ­fico","MichoacÃ¡n de Ocampo","2428.580","17.332","2427.580","14.972","2422.820","5.933",40
165,"Tampico, Tamps.","Sistema lagunario Chairel","","","1.400","854.000","1.000","676.000","-0.330","129.600",19
164,"Ramón Corona Madrigal General, Jal.","Trigomil, Jal.","Lerma Santiago PacÃ­fico","Jalisco","1209.360","324.000","1201.400","250.000","1181.440","115.671",46
163,"La Muñeca, S.L.P.","La Muñeca, S.L.P.","Golfo Norte","San Luis PotosÃ­","1841.750","31.000","1837.700","24.140","1825.860","5.395",22
162,"El Tigre, Dgo.","El Tigre","Cuencas Centrales del Norte","Durango","1580.120","18.560","1576.920","14.000","1566.160","2.735",20
161,"Tepuxtepec, Mich.","Tepuxtepec, Mich.","Lerma Santiago PacÃ­fico","MichoacÃ¡n de Ocampo","2350.000","537.527","2348.110","449.970","2343.090","256.075",57
160,"Tenango, Pue.","Tenango, Pue.","Golfo Centro","Puebla","1351.400","46.576","1345.600","28.479","1336.010","8.533",30
159,"Revolución Mexicana, Gro.","El Guineo, Gro.","PacÃ­fico Sur","Guerrero","107.590","259.502","94.400","126.694","89.400","91.227",72
158,"La Red, Jal.","La Red, Jal.","Lerma Santiago PacÃ­fico","Jalisco","1794.700","18.300","1792.500","14.250","1786.630","5.560",39
157,"Vicente Aguirre, Hgo.","Las Golondrinas, Hgo.","Aguas del Valle de MÃ©xico","Hidalgo","1855.500","19.685","1854.900","17.799","1844.640","0.432",2
156,"Pucuato, Mich.","Pucuato, Mich.","Balsas","MichoacÃ¡n de Ocampo","2500.000","11.534","2499.000","9.485","2494.140","2.236",24
155,"Pátzcuaro, Mich.","Pátzcuaro, Mich.","","","2042.350","1135.573","2038.570","646.582","2035.420","334.168",52
154,"Derivadora Pabellón, Ags.","Derecha Potrerillos, Ags.","Lerma Santiago PacÃ­fico","Aguascalientes","2093.000","2.100","2092.600","2.038","2085.950","1.164",57
153,"Salinillas, N.L.","Salinillas, N.L.","RÃ­o Bravo","Nuevo LeÃ³n","232.000","19.011","232.000","19.011","230.410","11.886",63
152,"La Purísima, Gto.","La Purísima, Gto.","Lerma Santiago PacÃ­fico","Guanajuato","1860.700","181.926","1853.470","110.000","1843.860","43.349",39
151,"Requena, Hgo.","Requena, Hgo.","Aguas del Valle de MÃ©xico","Hidalgo","2110.300","61.519","2109.000","51.570","2102.820","15.029",29
150,"Javier Rojo Gómez, Hgo.","La Peña, Hgo.","Aguas del Valle de MÃ©xico","Hidalgo","1977.839","43.317","1976.840","39.990","1967.450","18.731",47
149,"Ing. Guillermo Lugo Sanabria, Jal.","La Pólvora, Jal.","Lerma Santiago PacÃ­fico","Jalisco","1665.000","56.150","1663.460","51.675","1647.260","19.290",37
148,"Peñuelitas, Gto.","Peñuelitas, Gto.","Lerma Santiago PacÃ­fico","Guanajuato","1907.290","30.169","1904.700","17.460","1895.960","0.000",0
147,"Ñadó, Méx.","Ñadó, Méx.","Aguas del Valle de MÃ©xico","Estado de MÃ©xico","2475.500","18.500","2474.000","16.800","2456.660","3.230",19
146,"Los Moraleños, Zac.","Moraleños","Lerma Santiago PacÃ­fico","Zacatecas","1322.930","26.070","1318.960","20.932","1309.550","8.367",40
145,"Ing. Rodolfo Félix Valdés, Son.","El Molinito, Son.","Noroeste","Sonora","293.400","222.470","289.360","121.202","277.390","8.117",7
144,"El Molino, Méx.","El Molino, Méx.","Aguas del Valle de MÃ©xico","Estado de MÃ©xico","2385.090","8.700","2384.390","7.686","2378.000","0.302",4
143,"Miguel Hidalgo, Sin.","El Mahoné, Sin.","PacÃ­fico Norte","Sinaloa","148.000","4171.273","140.830","3096.630","104.330","218.418",7
142,"Madín, Méx.","Madín, Méx.","Aguas del Valle de MÃ©xico","Estado de MÃ©xico","2346.040","17.964","2336.290","9.370","2331.640","6.700",72
141,"Ing. Alfredo Elías Ayub, Jal.","La Yesca, Jal.","Lerma Santiago PacÃ­fico","Nayarit","578.000","2392.880","575.000","2292.920","542.840","1407.570",61
140,"Pedro José Méndez, Tamps.","Pedro J. Méndez, Tamps.","Golfo Norte","Tamaulipas","449.400","38.360","447.220","31.260","433.720","5.676",18
139,"Ignacio Ramírez, Méx.","La Gavia, Méx.","Lerma Santiago PacÃ­fico","Estado de MÃ©xico","2550.480","36.300","2548.440","20.227","2546.340","8.690",43
138,"Francisco José Trinidad Fabela, Méx.","Islas de las Aves o El Salto, Méx.","Lerma Santiago PacÃ­fico","Estado de MÃ©xico","2697.800","12.320","2696.700","9.930","2690.990","1.770",18
137,"La Esperanza, Hgo.","La Esperanza, Hgo.","Golfo Norte","Hidalgo","2209.600","4.200","2207.700","3.920","2207.700","3.920",100
136,"Angel Albino Corzo, Chis.","Peñitas, Chis.","Frontera Sur","Chiapas","95.500","578.630","87.400","215.041","85.620","173.904",81
135,"El Moralillo, Ver.","Piedra Labrada","Golfo Centro","Veracruz de Ignacio de la Llav","115.940","8.126","110.780","2.500","109.660","1.803",72
134,"Plutarco Elías Calles, Son.","El Novillo, Son.","Noroeste","Sonora","296.800","3511.960","290.500","2833.070","246.390","317.735",11
133,"Laguna del Fresno, Mich.","Laguna del Fresno, Mich.","Lerma Santiago PacÃ­fico","MichoacÃ¡n de Ocampo","2057.000","13.132","2055.980","10.299","2051.390","0.720",7
132,"Canseco, Ver.","Laguna de Catemaco, Ver.","Golfo Centro","Veracruz de Ignacio de la Llav","333.500","552.700","332.700","493.020","331.770","424.618",86
131,"Luis Donaldo Colosio, Sin.","Huites, Sin.","PacÃ­fico Norte","Sinaloa","290.000","4567.080","274.000","3202.160","215.650","514.149",16
130,"Lago de Chapala, Jal.","Chapala, Jal.","Lerma Santiago PacÃ­fico","Jalisco","99.000","9279.710","98.000","8126.410","93.470","3172.626",39
129,"Laguna de Amela, Col.","Tecomán, Col.","Lerma Santiago PacÃ­fico","Colima","7.640","41.300","7.390","38.343","5.960","23.270",61
128,"Lázaro Cárdenas, Dgo.","El Palmito, Dgo.","Cuencas Centrales del Norte","Durango","1632.000","4278.541","1620.870","2770.510","1601.010","1130.908",41
127,"La Colonia, Jal.","La Colonia, Jal.","Lerma Santiago PacÃ­fico","Jalisco","103.400","6.500","103.000","5.775","102.550","4.421",77
126,"La Calera, Gro.","La Calera, Gro.","Balsas","Guerrero","122.620","34.193","118.000","9.393","117.300","7.448",79
125,"Lázaro Cárdenas, Son.","La Angostura, Son.","Noroeste","Sonora","840.150","1116.460","830.700","703.380","809.330","122.076",17
124,"La Cangrejera, Ver.","La Crangrejera, Ver.","Golfo Centro","Veracruz de Ignacio de la Llav","21.650","31.600","21.250","28.537","15.710","3.668",13
123,"La Boquilla, Chih.","Lago de Toronto, Chih.","RÃ­o Bravo","Chihuahua","1319.100","3192.750","1317.000","2846.780","1299.180","838.101",29
122,"Derivadora Las Blancas, Tamps.","Las Blancas, Tamps.","RÃ­o Bravo","Tamaulipas","91.800","133.432","89.920","83.784","84.830","23.082",28
121,"Rodrigo Gómez, N.L.","La Boca, N.L.","RÃ­o Bravo","Nuevo LeÃ³n","449.200","42.657","448.540","39.490","441.940","15.032",38
120,"Los Angeles, Mich.","Tres Mezquites","Lerma Santiago PacÃ­fico","MichoacÃ¡n de Ocampo","1688.450","17.096","1687.950","14.590","1684.000","0.458",3
119,"Juan Sabines, Chis.","El Portillo II o Cuxtepeques, Chis.","Frontera Sur","Chiapas","618.270","116.110","612.120","68.150","604.010","29.488",43
118,"Josefa Ortiz de Domínguez, Sin.","El Sabino, Sin.","PacÃ­fico Norte","Sinaloa","112.650","685.110","109.500","519.280","93.170","48.706",9
117,"José López Portillo, Sin.","Comedero, Sin.","PacÃ­fico Norte","Sinaloa","286.950","3966.170","272.160","2580.190","221.730","295.008",11
116,"Jalpan, Qro.","Jalpan","Golfo Norte","QuerÃ©taro","784.550","11.200","780.550","8.000","776.900","2.310",29
115,"Juan Guerrero Alcocer, Sin.","Vinoramas, Sin.","PacÃ­fico Norte","Sinaloa","176.280","102.000","168.500","54.684","151.710","6.365",12
114,"Presidente Benito Juárez, Oax.","Bordo Benito Juárez, Oax.","PacÃ­fico Sur","Oaxaca","139.850","1726.747","124.250","720.317","109.490","213.971",30
113,"Jocoque, Ags.","Derecha Jocoque, Ags.","Lerma Santiago PacÃ­fico","Aguascalientes","1943.400","11.400","1942.450","10.975","1939.880","9.246",84
112,"Jaripo, Mich.","Jaripo, Mich.","Lerma Santiago PacÃ­fico","MichoacÃ¡n de Ocampo","1580.420","9.265","1578.910","6.028","1576.420","2.090",35
111,"Valentín Gama, S.L.P.","Ojo Caliente, S.L.P.","Cuencas Centrales del Norte","San Luis PotosÃ­","1788.100","22.400","1783.800","9.510","1773.930","0.123",1
110,"Ignacio R. Alatorre, Son.","Punta de Agua, Son.","Noroeste","Sonora","102.710","29.690","100.000","16.160","91.200","0.000",0
109,"Infiernillo, Mich.","Infiernillo, Mich.","Balsas","Guerrero","183.200","15194.800","169.000","9367.770","152.500","4625.780",49
108,"San Ildefonso, Qro.","El Tepozán, Qro.","Golfo Norte","QuerÃ©taro","2242.500","58.026","2239.000","47.812","2211.120","0.877",2
107,"Ing. Carlos Ramírez Ulloa, Gro.","El Caracol, Gro.","Balsas","Guerrero","523.600","1183.230","521.000","1057.290","512.670","740.030",70
106,"Lic. Eustaquio Buelna, Sin.","GuamÃºchil, Sin.","PacÃ­fico Norte","Sinaloa","68.850","264.950","63.540","80.080","57.620","8.095",10
105,"Danxho, Méx.","Danxho, Méx.","Aguas del Valle de MÃ©xico","Estado de MÃ©xico","2455.130","32.670","2454.000","31.046","2445.080","6.300",20
104,"De Gonzalo, Mich.","De Gonzalo, Mich.","Lerma Santiago PacÃ­fico","MichoacÃ¡n de Ocampo","1534.900","10.000","1533.880","8.837","1531.600","0.098",1
103,"El Bosque, Mich.","El Bosque, Mich.","Balsas","MichoacÃ¡n de Ocampo","1743.000","220.100","1741.400","202.400","1728.200","82.980",41
102,"Cuquío, Jal.","Los Gigantes, Jal.","Lerma Santiago PacÃ­fico","Jalisco","1806.580","8.850","1805.500","7.500","1802.700","4.325",58
101,"El Cuarenta, Jal.","El Cuarenta, Jal.","Lerma Santiago PacÃ­fico","Jalisco","2001.950","38.960","1998.750","30.625","1985.430","5.116",17
100,"El Carrizo, B.C.","El Carrizo, B.C.","PenÃ­nsula de Baja California","Baja California","286.220","44.585","284.700","40.866","278.400","27.260",67
99,"Corrinchis, Jal.","Corrinchis","Lerma Santiago PacÃ­fico","Jalisco","1336.100","29.000","1332.600","20.000","1327.790","10.822",54
98,"José López Portillo, N.L.","Cerro Prieto, N.L.","RÃ­o Bravo","Nuevo LeÃ³n","285.500","393.000","282.520","300.000","263.610","20.050",7
97,"Cajón de Peña, Jal.","Tomatlán, Jal.","Lerma Santiago PacÃ­fico","Jalisco","139.200","707.620","131.660","500.000","124.290","328.762",66
96,"Copándaro, Mich.","Copándaro de Dolores, Mich.","Lerma Santiago PacÃ­fico","MichoacÃ¡n de Ocampo","1989.209","9.717","1987.659","2.752","1995.360","0.211",8
95,"Cointzio, Mich.","Cointzio, Mich.","Lerma Santiago PacÃ­fico","MichoacÃ¡n de Ocampo","2001.320","79.233","1999.470","68.520","1985.780","16.372",24
94,"El Centenario, Qro.","El Centenario, Qro.","Golfo Norte","QuerÃ©taro","1882.500","14.178","1881.550","9.781","1871.250","0.000",0
93,"El Centenario, Coah.","El Centenario, Coah.","RÃ­o Bravo","Coahuila de Zaragoza","336.380","25.711","336.150","24.589","333.820","15.067",61
92,"Constitución de 1917, Qro.","Hidalgo, Qro.","Golfo Norte","QuerÃ©taro","1928.390","76.461","1927.060","66.080","1911.070","1.034",2
91,"La Concepción, Méx.","La Concepción, Méx.","Aguas del Valle de MÃ©xico","Estado de MÃ©xico","2352.540","12.599","2352.100","12.111","2342.790","4.710",39
90,"Leonardo Rodríguez Alcaine, Nay.","Leonardo Rodríguez Alcáine, Nay.","Lerma Santiago PacÃ­fico","Nayarit","394.000","2393.110","391.000","2282.130","370.160","1560.638",68
89,"Internacional Falcón, Tamps.","Falcón, Tamps.","RÃ­o Bravo","Tamaulipas","93.482","1607.962","91.810","1351.630","79.760","332.813",25
88,"Internacional La Amistad, Coah.","La Amistad, Coah.","RÃ­o Bravo","Coahuila de Zaragoza","349.030","2707.437","340.460","1769.660","320.260","193.994",11
87,"Paso de Piedras, Ver.","Chicayán, Ver.","Golfo Norte","Veracruz de Ignacio de la Llav","28.280","572.320","23.640","249.970","18.300","56.100",22
86,"Chihuahua, Chih.","Chihuahua, Chih.","RÃ­o Bravo","Chihuahua","1544.280","35.631","1540.820","23.383","1537.210","14.114",60
85,"Cuauhtémoc, Son.","Santa Teresa, Son.","Noroeste","Sonora","600.250","66.330","597.000","41.470","584.910","1.000",2
84,"Constitución de Apatzingán, Jal.","Chilatán, Jal.","Balsas","Jalisco","437.680","807.150","429.450","590.025","412.360","283.351",48
83,"Chila, Jal.","Chila, Jal.","Lerma Santiago PacÃ­fico","Jalisco","99.000","1.000","98.700","0.762","98.670","0.756",99
82,"El Chique, Zac.","El Chique, Zac.","Lerma Santiago PacÃ­fico","Zacatecas","1586.480","192.567","1580.180","138.909","1567.590","59.902",43
81,"Ing. Fernando Hiriart Balderrama, Hgo.","Zimapán, Hgo.","Golfo Norte","Hidalgo","1563.000","1460.000","1560.000","1390.000","1544.330","1116.168",80
80,"Tenasco, Jal.","Boquilla de Zaragoza, Jal.","Lerma Santiago PacÃ­fico","Jalisco","1724.840","13.850","1722.850","10.490","1717.070","4.226",40
79,"Presidente Alemán, Oax.","Temascal, Oax.","Golfo Centro","Oaxaca","68.500","9105.540","66.500","8119.090","56.220","3964.180",49
78,"Tacotán, Jal.","Tacotán, Jal.","Lerma Santiago PacÃ­fico","Jalisco","1406.290","169.000","1403.060","149.239","1385.090","74.758",50
77,"Ing. Julián Adame Alatorre, Zac.","Tayahua, Zac.","Lerma Santiago PacÃ­fico","Zacatecas","1701.410","50.377","1696.010","31.598","1684.430","8.715",28
76,"Santa Rosa, Zac.","Santa Rosa, Zac.","Cuencas Centrales del Norte","Zacatecas","2249.640","14.041","2248.640","10.476","2244.590","0.930",9
75,"Independencia Nacional, Zac.","Santa Teresa","Lerma Santiago PacÃ­fico","Zacatecas","1949.330","13.944","1946.000","9.172","1940.190","3.477",38
74,"Manuel M. Diéguez, Jal.","Santa Rosa, Jal.","Lerma Santiago PacÃ­fico","Jalisco","748.000","418.000","746.460","393.360","737.190","308.140",78
73,"La Soledad, Pue.","La Soledad, Pue.","Golfo Centro","Puebla","805.000","14.980","804.500","13.900","799.400","5.625",40
72,"Sanalona, Sin.","Sanalona, Sin.","PacÃ­fico Norte","Sinaloa","162.170","987.522","156.200","687.988","131.530","57.787",8
71,"San José, S.L.P.","San José, S.L.P.","Cuencas Centrales del Norte","San Luis PotosÃ­","1933.700","5.656","1933.300","5.223","1923.940","0.379",7
70,"San Miguel, Coah.","San Miguel, Coah.","RÃ­o Bravo","Coahuila de Zaragoza","341.960","22.193","341.740","21.168","340.460","15.956",75
69,"Lic. Emilio Portes Gil, Tamps.","San Lorenzo, Tamps.","Golfo Norte","Tamaulipas","123.900","255.650","122.950","230.780","108.390","48.177",21
68,"Ing. Aurelio Benassini Vizcaíno, Sin.","El Salto o Elota, Sin.","PacÃ­fico Norte","Sinaloa","164.640","815.592","154.500","403.900","139.640","112.570",28
67,"Solís, Gto.","Solis, Gto.","Lerma Santiago PacÃ­fico","Guanajuato","1898.700","1214.140","1892.540","800.000","1887.280","512.684",64
66,"La Soledad, Gto.","La Soledad, Gto.","Lerma Santiago PacÃ­fico","Guanajuato","2209.150","2.371","2207.750","1.857","2200.640","0.131",7
65,"San Juanico, Mich.","La Laguna, Mich.","Balsas","MichoacÃ¡n de Ocampo","1604.560","71.690","1603.860","60.545","1601.470","31.624",52
64,"San José Atlanga, Tlax.","Atlanga,Tlax.","Balsas","Tlaxcala","2486.870","47.970","2486.400","42.630","2483.950","20.491",48
63,"Santiago, Zac.","Santiago","Cuencas Centrales del Norte","Zacatecas","2000.260","11.421","1997.260","6.200","1994.360","2.746",44
62,"San Gabriel, Dgo.","San Gabriel, Dgo.","RÃ­o Bravo","Durango","1783.390","377.338","1777.900","245.431","1768.270","94.245",38
61,"Santa Elena, Dgo.","Santa Elena, Dgo.","PacÃ­fico Norte","Durango","2001.610","18.766","1999.800","15.080","1989.460","2.050",14
60,"Santiago Bayacora, Dgo.","Santiago Bayacora, Dgo.","PacÃ­fico Norte","Durango","1965.940","169.869","1959.010","130.047","1950.180","89.695",69
59,"José Antonio Alzate, Méx.","San Bernabé, Méx.","Lerma Santiago PacÃ­fico","Estado de MÃ©xico","2566.920","52.509","2565.500","35.312","2559.990","4.796",14
58,"Sabaneta, Mich.","Sabaneta, Mich.","Balsas","MichoacÃ¡n de Ocampo","2508.950","5.875","2508.000","5.043","2504.310","2.380",47
57,"La Sauceda, Jal.","Garabatillos, Jal.","Lerma Santiago PacÃ­fico","Jalisco","1921.030","21.500","1918.900","16.000","1912.070","4.263",27
56,"San Rafael, Nay.","San Rafael","Lerma Santiago PacÃ­fico","Nayarit","66.100","35.591","63.410","26.179","62.300","22.778",87
55,"República Española, Tamps.","Real Viejo o El Sombrero, Tamps.","Golfo Norte","Tamaulipas","89.430","105.990","83.000","54.780","74.820","8.634",16
54,"El Rodeo, Mor.","El Rodeo, Mor.","Balsas","Morelos","1166.500","33.137","1164.200","26.984","1152.500","2.466",9
53,"Plutarco Elías Calles, Ags.","Calles, Ags.","Lerma Santiago PacÃ­fico","Aguascalientes","2022.000","407.438","2020.000","358.121","1998.370","38.779",11
52,"Piedras Azules, Chih.","","RÃ­o Bravo","Chihuahua","1998.420","13.194","1996.500","8.712","1995.200","6.250",72
51,"Palomas, Zac.","Palomas, Zac.","Lerma Santiago PacÃ­fico","Zacatecas","1907.480","8.761","1904.250","4.620","1902.110","2.694",58
50,"Peña del Aguila, Dgo.","Peña Del Aguila, Dgo.","PacÃ­fico Norte","Durango","1895.270","54.902","1892.500","27.948","1886.470","3.282",12
49,"Pico del Aguila, Chih.","Pico Del Aguila, Chih.","RÃ­o Bravo","Chihuahua","1619.000","59.843","1616.900","48.276","1612.770","29.338",61
48,"Necaxa, Pue.","Necaxa, Pue.","Golfo Centro","Puebla","1343.000","39.283","1338.000","29.055","1332.400","19.128",66
47,"El Niágara, Ags.","El Niágara, Ags.","Lerma Santiago PacÃ­fico","Aguascalientes","1832.400","31.695","1828.400","16.188","1828.170","15.526",96
46,"Nexapa, Pue.","Nexapa, Pue.","Golfo Centro","Puebla","1362.350","15.313","1360.000","12.500","1358.250","10.148",81
45,"Marte Rodolfo Gómez, Tamps.","El AzÃºcar, Tamps.","RÃ­o Bravo","Tamaulipas","83.000","2208.663","76.300","781.700","72.100","318.888",41
44,"Melchor Ocampo, Mich.","El Rosario, Mich.","Lerma Santiago PacÃ­fico","MichoacÃ¡n de Ocampo","1714.410","249.843","1711.900","194.454","1708.090","120.710",62
43,"Media Luna, Ags.","Media Luna, Ags.","Lerma Santiago PacÃ­fico","Aguascalientes","1621.960","21.196","1619.200","15.000","1609.400","2.532",17
42,"Malpaís, Mich.","La Ciénega, Mich.","Lerma Santiago PacÃ­fico","MichoacÃ¡n de Ocampo","1843.560","27.249","1842.530","18.512","1839.890","3.757",20
41,"Nezahualcóyotl, Chis.","Malpaso, Chis.","Frontera Sur","Chiapas","188.000","14056.320","182.500","9317.390","163.450","4134.300",44
40,"Mariano Abasolo, Gto.","San Antonio de Aceves, Gto.","Lerma Santiago PacÃ­fico","Guanajuato","1753.080","23.946","1751.300","20.079","1744.390","8.377",42
39,"Gobernador Leobardo Reynoso, Zac.","Trujillo, Zac.","Cuencas Centrales del Norte","Zacatecas","2129.530","125.921","2127.350","95.717","2116.710","16.680",17
38,"Los Reyes, Hgo.","Omiltepec, Pue.","Golfo Centro","Hidalgo","2167.000","29.263","2165.000","24.031","2157.270","7.423",31
37,"Los Olivos, Mich.","Los Olivos, Mich.","Balsas","MichoacÃ¡n de Ocampo","421.000","16.271","418.000","10.262","412.460","3.305",32
36,"Manuel Felgueres, Zac.","Lobatos, Zac.","Lerma Santiago PacÃ­fico","Zacatecas","2080.180","9.435","2077.050","6.905","2071.830","3.784",55
35,"Los Naranjos, Dgo.","Los Naranjos, Dgo.","Cuencas Centrales del Norte","Durango","1661.090","27.390","1658.400","20.928","1652.450","10.239",49
34,"El Granero, Chih.","Ing. Luis L. León, Chih.","RÃ­o Bravo","Chihuahua","1050.500","824.762","1034.800","284.382","1032.490","235.415",83
33,"La Llave, Qro.","Divino Redentor, Qro.","Golfo Norte","QuerÃ©taro","1891.100","14.414","1890.000","9.312","1887.500","0.000",0
32,"La Laguna, Hgo.","Tejocotal, Pue.","Golfo Centro","Hidalgo","2184.500","49.227","2183.000","40.638","2175.220","5.828",14
31,"Las Lajas, Chih.","Las Lajas, Chih.","RÃ­o Bravo","Chihuahua","1561.620","106.547","1558.700","83.266","1542.890","10.083",12
30,"La Fragua, Coah.","La Fragua, Coah","RÃ­o Bravo","Coahuila de Zaragoza","303.960","85.380","300.300","47.295","296.550","22.569",48
29,"Laguna de Yuriria, Gto.","Bordo de Tavamatacheo, Gto.","Lerma Santiago PacÃ­fico","Guanajuato","1731.400","325.195","1730.920","278.790","1726.520","1.007",0
28,"Laguna de Tuxpan, Gro.","Laguna de Tuxpan, Gro.","Balsas","Guerrero","743.350","19.503","742.840","17.647","741.650","13.470",76
27,"Ignacio Allende, Gto.","La Begoña, Gto.","Lerma Santiago PacÃ­fico","Guanajuato","1833.330","241.410","1830.750","170.790","1821.060","22.910",13
26,"Hurtado, Jal.","Valencia, Jal.","Lerma Santiago PacÃ­fico","Jalisco","1462.660","22.624","1462.660","22.624","1459.470","6.881",30
25,"Huapango, Méx.","Huapango, Méx.","Aguas del Valle de MÃ©xico","Estado de MÃ©xico","2512.800","126.500","2512.650","121.300","2507.350","2.000",2
24,"Presidente Guadalupe Victoria, Dgo.","El Tunal, Dgo.","PacÃ­fico Norte","Durango","1934.610","94.617","1931.000","78.060","1920.000","37.715",48
23,"Guaracha, Mich.","San Antonio, Mich.","Lerma Santiago PacÃ­fico","MichoacÃ¡n de Ocampo","1580.110","29.790","1580.010","28.677","1577.240","3.534",12
22,"La Golondrina, Gto.","La Golondrina,Gto.","Lerma Santiago PacÃ­fico","Guanajuato","1837.120","5.970","1835.200","4.670","1823.880","0.555",12
21,"Gustavo Díaz Ordaz, Sin.","Bacurato, Sin.","PacÃ­fico Norte","Sinaloa","252.500","2687.074","237.060","1618.751","204.260","331.417",20
20,"Guadalupe, Méx.","Guadalupe,Méx.","Aguas del Valle de MÃ©xico","Estado de MÃ©xico","2306.820","64.080","2305.200","56.910","2299.320","34.817",61
19,"Ing. Guillermo Blake Aguilar, Sin.","El Sabinal, Sin.","PacÃ­fico Norte","Sinaloa","196.610","469.200","188.450","294.578","169.620","70.845",24
18,"Francisco Zarco, Dgo.","Las Tórtolas, Dgo.","Cuencas Centrales del Norte","Durango","1210.050","383.160","1208.200","309.240","1198.850","77.807",25
17,"Francisco Villa, Dgo.","El Bosque, Dgo.","PacÃ­fico Norte","Durango","1996.130","96.570","1993.000","73.260","1988.860","48.649",66
16,"Las Vírgenes, Chih.","Francisco I. Madero, Chih.","RÃ­o Bravo","Chihuahua","1242.560","477.622","1239.300","333.320","1229.160","91.788",28
15,"Miguel Alemán, Zac.","Excamé, Zac.","Lerma Santiago PacÃ­fico","Zacatecas","1704.500","70.920","1703.400","64.530","1688.640","10.529",16
14,"El Estribón, Jal.","El Estribón, Jal.","Lerma Santiago PacÃ­fico","Jalisco","1881.410","7.740","1880.000","6.378","1878.150","5.048",79
13,"El Salto, Jal.","El Salto, Jal.","Lerma Santiago PacÃ­fico","Jalisco","1812.500","118.540","1810.160","85.000","1807.460","64.269",76
12,"El Rejón, Chih.","El Rejón, Chih.","RÃ­o Bravo","Chihuahua","1478.320","7.755","1477.000","6.528","1475.990","5.677",87
11,"Estudiante Ramiro Caballero Dorantes, Tamps.","Las Animas, Tamps.","Golfo Norte","Tamaulipas","52.550","654.370","51.700","563.443","42.530","61.628",11
10,"El Potosino, S.L.P.","El Potosino, S.L.P.","Cuencas Centrales del Norte","San Luis PotosÃ­","2000.850","5.199","1996.800","3.293","1979.540","0.016",0
9,"El Palote, Gto.","El Palote, Gto.","Lerma Santiago PacÃ­fico","Guanajuato","1838.600","17.161","1836.150","9.643","1829.670","0.000",0
8,"Endhó, Hgo.","Endhó, Hgo.","Aguas del Valle de MÃ©xico","Hidalgo","2020.000","208.650","2018.000","182.900","2007.050","74.805",41
7,"Emilio López Zamora, B.C.","Ensenada, B.C.","PenÃ­nsula de Baja California","Baja California","25.260","6.342","19.890","2.732","21.210","3.358",123
6,"Gonzalo N. Santos, S.L.P.","El Peaje, S.L.P.","Cuencas Centrales del Norte","San Luis PotosÃ­","2047.870","9.054","2044.850","6.685","2029.060","0.323",5
5,"Cañada del Lobo, S.L.P.","Cañada del Lobo, S.L.P.","Cuencas Centrales del Norte","San Luis PotosÃ­","1962.100","2.161","1958.800","1.244","1952.490","0.209",17
4,"El Cazadero, Zac.","El Cazadero, Zac","Cuencas Centrales del Norte","Zacatecas","1919.940","44.680","1916.000","22.178","1910.620","4.250",19
3,"El Gallo, Gro.","El Gallo, Gro.","Balsas","Guerrero","368.000","545.966","362.780","400.039","357.730","288.390",72
2,"Ing. Elías González Chávez, Jal.","Puente Calderón, Jal.","Lerma Santiago PacÃ­fico","Jalisco","1620.000","100.000","1618.000","80.000","1608.550","18.810",24
1,"Abelardo L. Rodríguez, Ags.","Abelardo L. Rodríguez, Ags.","Lerma Santiago PacÃ­fico","Aguascalientes","1890.000","18.816","1888.880","15.997","1881.960","4.488",28[object Object]